CmsState	CardStatus	ExpiryState	AmountVsBalance	AmountVsDaily	MonthlyHeadroom	BinLookupState
UP	ACTIVE	FUTURE	LESS	LESS	ENOUGH	UP
UP	ACTIVE	FUTURE	EQUAL	EQUAL	EXACT	UP
UP	ACTIVE	CURRENT_MONTH	LESS	LESS	ENOUGH	UP
UP	ACTIVE	FUTURE	GREATER	LESS	ENOUGH	UP
UP	ACTIVE	FUTURE	LESS	GREATER	ENOUGH	UP
UP	ACTIVE	FUTURE	LESS	LESS	EXCEEDED	UP
UP	ACTIVE	FUTURE	LESS	LESS	ENOUGH	DOWN
UP	INACTIVE	FUTURE	EQUAL	LESS	EXACT	DOWN
UP	INACTIVE	FUTURE	GREATER	EQUAL	ENOUGH	UP
UP	DELETED	FUTURE	LESS	LESS	ENOUGH	DOWN
UP	BLOCKED	FUTURE	LESS	EQUAL	EXACT	DOWN
UP	EXPIRED	PAST	GREATER	EQUAL	EXCEEDED	DOWN
UP	BLOCKED	FUTURE	EQUAL	GREATER	ENOUGH	UP
UP	BLOCKED	FUTURE	EQUAL	LESS	EXCEEDED	DOWN
UP	ABSENT	FUTURE	LESS	LESS	ENOUGH	DOWN
UP	ACTIVE	CURRENT_MONTH	EQUAL	EQUAL	EXCEEDED	DOWN
UP	BLOCKED	FUTURE	GREATER	GREATER	EXACT	UP
UP	EXPIRED	PAST	LESS	GREATER	ENOUGH	UP
UP	INACTIVE	FUTURE	LESS	LESS	EXCEEDED	DOWN
UP	EXPIRED	PAST	EQUAL	LESS	EXACT	UP
UP	DELETED	FUTURE	LESS	LESS	ENOUGH	UP
DOWN	ACTIVE	FUTURE	LESS	LESS	ENOUGH	UP
UP	ACTIVE	CURRENT_MONTH	GREATER	GREATER	EXACT	DOWN
UP	ACTIVE	PAST	GREATER	LESS	ENOUGH	DOWN
DOWN	ACTIVE	FUTURE	LESS	LESS	ENOUGH	DOWN
UP	INACTIVE	FUTURE	EQUAL	GREATER	EXACT	UP
UP	ABSENT	FUTURE	LESS	LESS	ENOUGH	UP
