Operation	PanInput	CardState	LimitInput	AmountInput	RrnInput
CREATE	VALID_ABSENT	ACTIVE	VALID	LE_BALANCE	NEW
GENERATE	VALID_ABSENT	ACTIVE	ABSENT	LE_BALANCE	NEW
GET_ONE	VALID_EXISTING	ACTIVE	ABSENT	LE_BALANCE	NEW
LIST	VALID_ABSENT	ACTIVE	ABSENT	LE_BALANCE	NEW
PATCH	VALID_EXISTING	ACTIVE	VALID	LE_BALANCE	NEW
DELETE	VALID_EXISTING	ACTIVE	ABSENT	LE_BALANCE	NEW
RESERVE	VALID_EXISTING	ACTIVE	ABSENT	LE_BALANCE	NEW
RESERVE	VALID_EXISTING	ACTIVE	ABSENT	GT_BALANCE	NEW
RESERVE	VALID_EXISTING	ACTIVE	ABSENT	LE_BALANCE	DUPLICATE
GET_ONE	VALID_ABSENT	ACTIVE	ABSENT	LE_BALANCE	NEW
RESERVE	VALID_EXISTING	DELETED	ABSENT	ZERO	WRONG_FORMAT
PATCH	VALID_EXISTING	DELETED	NEGATIVE	LE_BALANCE	NEW
GET_ONE	VALID_EXISTING	EXPIRED	ABSENT	LE_BALANCE	NEW
GET_ONE	VALID_EXISTING	BLOCKED	ABSENT	LE_BALANCE	NEW
PATCH	VALID_EXISTING	BLOCKED	DAILY_GT_MONTHLY	LE_BALANCE	NEW
RESERVE	VALID_EXISTING	EXPIRED	ABSENT	NEGATIVE	DUPLICATE
LIST	VALID_ABSENT	INACTIVE	ABSENT	LE_BALANCE	NEW
DELETE	VALID_EXISTING	INACTIVE	ABSENT	LE_BALANCE	NEW
PATCH	VALID_EXISTING	DELETED	VALID	LE_BALANCE	NEW
LIST	VALID_ABSENT	DELETED	ABSENT	LE_BALANCE	NEW
RESERVE	VALID_EXISTING	INACTIVE	ABSENT	GT_BALANCE	DUPLICATE
DELETE	NON_DIGIT	ACTIVE	ABSENT	LE_BALANCE	NEW
PATCH	VALID_EXISTING	INACTIVE	DAILY_GT_MONTHLY	LE_BALANCE	NEW
RESERVE	WRONG_LENGTH	ACTIVE	ABSENT	ZERO	WRONG_FORMAT
PATCH	VALID_EXISTING	DELETED	DAILY_GT_MONTHLY	LE_BALANCE	NEW
RESERVE	VALID_EXISTING	BLOCKED	ABSENT	NEGATIVE	WRONG_FORMAT
PATCH	VALID_EXISTING	INACTIVE	NEGATIVE	LE_BALANCE	NEW
RESERVE	WRONG_LENGTH	ACTIVE	ABSENT	NEGATIVE	NEW
DELETE	VALID_ABSENT	ACTIVE	ABSENT	LE_BALANCE	NEW
PATCH	VALID_EXISTING	INACTIVE	VALID	LE_BALANCE	NEW
RESERVE	NON_DIGIT	ACTIVE	ABSENT	NEGATIVE	DUPLICATE
LIST	VALID_ABSENT	BLOCKED	ABSENT	LE_BALANCE	NEW
PATCH	NON_DIGIT	ACTIVE	VALID	LE_BALANCE	NEW
RESERVE	VALID_EXISTING	INACTIVE	ABSENT	ZERO	WRONG_FORMAT
PATCH	VALID_EXISTING	BLOCKED	NEGATIVE	LE_BALANCE	NEW
RESERVE	WRONG_LENGTH	ACTIVE	ABSENT	GT_BALANCE	DUPLICATE
PATCH	VALID_ABSENT	ACTIVE	NEGATIVE	LE_BALANCE	NEW
PATCH	VALID_EXISTING	EXPIRED	DAILY_GT_MONTHLY	LE_BALANCE	NEW
RESERVE	VALID_EXISTING	INACTIVE	ABSENT	NEGATIVE	WRONG_FORMAT
CREATE	VALID_ABSENT	ACTIVE	DAILY_GT_MONTHLY	LE_BALANCE	NEW
RESERVE	WRONG_LENGTH	ACTIVE	ABSENT	LE_BALANCE	WRONG_FORMAT
RESERVE	VALID_EXISTING	EXPIRED	ABSENT	GT_BALANCE	WRONG_FORMAT
GET_ONE	VALID_EXISTING	DELETED	ABSENT	LE_BALANCE	NEW
PATCH	WRONG_LENGTH	ACTIVE	VALID	LE_BALANCE	NEW
RESERVE	VALID_EXISTING	DELETED	ABSENT	NEGATIVE	DUPLICATE
DELETE	VALID_EXISTING	DELETED	ABSENT	LE_BALANCE	NEW
RESERVE	VALID_ABSENT	ACTIVE	ABSENT	NEGATIVE	DUPLICATE
RESERVE	VALID_EXISTING	EXPIRED	ABSENT	ZERO	NEW
PATCH	NON_DIGIT	ACTIVE	NEGATIVE	LE_BALANCE	NEW
LIST	VALID_ABSENT	EXPIRED	ABSENT	LE_BALANCE	NEW
RESERVE	VALID_ABSENT	ACTIVE	ABSENT	GT_BALANCE	WRONG_FORMAT
PATCH	NON_DIGIT	ACTIVE	DAILY_GT_MONTHLY	LE_BALANCE	NEW
RESERVE	VALID_EXISTING	DELETED	ABSENT	GT_BALANCE	WRONG_FORMAT
RESERVE	NON_DIGIT	ACTIVE	ABSENT	ZERO	DUPLICATE
GET_ONE	VALID_EXISTING	INACTIVE	ABSENT	LE_BALANCE	NEW
CREATE	VALID_ABSENT	ACTIVE	ABSENT	LE_BALANCE	NEW
PATCH	VALID_EXISTING	EXPIRED	NEGATIVE	LE_BALANCE	NEW
GET_ONE	WRONG_LENGTH	ACTIVE	ABSENT	LE_BALANCE	NEW
GET_ONE	NON_DIGIT	ACTIVE	ABSENT	LE_BALANCE	NEW
DELETE	VALID_EXISTING	BLOCKED	ABSENT	LE_BALANCE	NEW
RESERVE	VALID_EXISTING	BLOCKED	ABSENT	ZERO	DUPLICATE
PATCH	WRONG_LENGTH	ACTIVE	DAILY_GT_MONTHLY	LE_BALANCE	NEW
PATCH	VALID_EXISTING	BLOCKED	VALID	LE_BALANCE	NEW
PATCH	VALID_EXISTING	DELETED	ABSENT	LE_BALANCE	NEW
RESERVE	NON_DIGIT	ACTIVE	ABSENT	GT_BALANCE	WRONG_FORMAT
RESERVE	VALID_EXISTING	BLOCKED	ABSENT	GT_BALANCE	NEW
CREATE	VALID_ABSENT	ACTIVE	NEGATIVE	LE_BALANCE	NEW
PATCH	WRONG_LENGTH	ACTIVE	NEGATIVE	LE_BALANCE	NEW
RESERVE	VALID_ABSENT	ACTIVE	ABSENT	ZERO	WRONG_FORMAT
PATCH	VALID_EXISTING	EXPIRED	VALID	LE_BALANCE	NEW
DELETE	WRONG_LENGTH	ACTIVE	ABSENT	LE_BALANCE	NEW
DELETE	VALID_EXISTING	EXPIRED	ABSENT	LE_BALANCE	NEW
